date,CI_mean,CI_p90,n_valid,src,engine,qc_low_coverage
2024-01-01,0.0004322555614635,5.0000002374872565e-05,1024210.0,S3M_OLCI_EFRNT.20240101.L3m.DAY.ILW_CONUS.V5.all.CONUS.300m.nc,netcdf4,0
2024-01-02,0.0002736462047323,5.0000002374872565e-05,1047655.0,S3M_OLCI_EFRNT.20240102.L3m.DAY.ILW_CONUS.V5.all.CONUS.300m.nc,netcdf4,0
2024-01-03,0.0003679178771562,5.0000002374872565e-05,865219.0,S3M_OLCI_EFRNT.20240103.L3m.DAY.ILW_CONUS.V5.all.CONUS.300m.nc,netcdf4,0
2024-01-04,0.0002300502819707,5.0000002374872565e-05,1144789.0,S3M_OLCI_EFRNT.20240104.L3m.DAY.ILW_CONUS.V5.all.CONUS.300m.nc,netcdf4,0
2024-01-05,0.0002727572573348,5.0000002374872565e-05,1152641.0,S3M_OLCI_EFRNT.20240105.L3m.DAY.ILW_CONUS.V5.all.CONUS.300m.nc,netcdf4,0
2024-01-06,0.0004124610277358,5.0000002374872565e-05,945300.0,S3M_OLCI_EFRNT.20240106.L3m.DAY.ILW_CONUS.V5.all.CONUS.300m.nc,netcdf4,0
2024-01-07,0.0003294903144706,5.0000002374872565e-05,782031.0,S3M_OLCI_EFRNT.20240107.L3m.DAY.ILW_CONUS.V5.all.CONUS.300m.nc,netcdf4,0
2024-01-08,0.0003196438774466,5.0000002374872565e-05,727467.0,S3M_OLCI_EFRNT.20240108.L3m.DAY.ILW_CONUS.V5.all.CONUS.300m.nc,netcdf4,1
2024-01-09,0.0004732410307042,5.000000601285137e-05,639894.0,S3M_OLCI_EFRNT.20240109.L3m.DAY.ILW_CONUS.V5.all.CONUS.300m.nc,netcdf4,1
2024-01-10,0.000398070027586,5.0000002374872565e-05,951795.0,S3M_OLCI_EFRNT.20240110.L3m.DAY.ILW_CONUS.V5.all.CONUS.300m.nc,netcdf4,0
2024-01-11,0.000298959959764,5.0000002374872565e-05,860747.0,S3M_OLCI_EFRNT.20240111.L3m.DAY.ILW_CONUS.V5.all.CONUS.300m.nc,netcdf4,0
2024-01-12,0.0004031048447359,5.000000601285137e-05,1093734.0,S3M_OLCI_EFRNT.20240112.L3m.DAY.ILW_CONUS.V5.all.CONUS.300m.nc,netcdf4,0
2024-01-13,0.0003777286328841,5.0000002374872565e-05,983504.0,S3M_OLCI_EFRNT.20240113.L3m.DAY.ILW_CONUS.V5.all.CONUS.300m.nc,netcdf4,0
2024-01-14,0.0003610759740695,5.0000002374872565e-05,1021272.0,S3M_OLCI_EFRNT.20240114.L3m.DAY.ILW_CONUS.V5.all.CONUS.300m.nc,netcdf4,0
2024-01-15,0.0001835423609009,5.0000002374872565e-05,891084.0,S3M_OLCI_EFRNT.20240115.L3m.DAY.ILW_CONUS.V5.all.CONUS.300m.nc,netcdf4,0
2024-01-16,0.0003634817549027,5.0000002374872565e-05,752068.0,S3M_OLCI_EFRNT.20240116.L3m.DAY.ILW_CONUS.V5.all.CONUS.300m.nc,netcdf4,1
2024-01-17,0.000298962695524,5.0000002374872565e-05,1039955.0,S3M_OLCI_EFRNT.20240117.L3m.DAY.ILW_CONUS.V5.all.CONUS.300m.nc,netcdf4,0
2024-01-18,0.0003081216709688,5.0000002374872565e-05,737833.0,S3M_OLCI_EFRNT.20240118.L3m.DAY.ILW_CONUS.V5.all.CONUS.300m.nc,netcdf4,1
2024-01-19,0.0002245611540274,5.0000002374872565e-05,853053.0,S3M_OLCI_EFRNT.20240119.L3m.DAY.ILW_CONUS.V5.all.CONUS.300m.nc,netcdf4,0
2024-01-20,0.0001587836013641,5.0000002374872565e-05,1063485.0,S3M_OLCI_EFRNT.20240120.L3m.DAY.ILW_CONUS.V5.all.CONUS.300m.nc,netcdf4,0
2024-01-21,0.00028385076439,5.0000002374872565e-05,829524.0,S3M_OLCI_EFRNT.20240121.L3m.DAY.ILW_CONUS.V5.all.CONUS.300m.nc,netcdf4,0
2024-01-22,0.0003543119819369,5.0000002374872565e-05,562085.0,S3M_OLCI_EFRNT.20240122.L3m.DAY.ILW_CONUS.V5.all.CONUS.300m.nc,netcdf4,1
2024-01-23,0.0002650354581419,5.0000002374872565e-05,666368.0,S3M_OLCI_EFRNT.20240123.L3m.DAY.ILW_CONUS.V5.all.CONUS.300m.nc,netcdf4,1
2024-01-24,0.0003084778727497,5.0000002374872565e-05,780254.0,S3M_OLCI_EFRNT.20240124.L3m.DAY.ILW_CONUS.V5.all.CONUS.300m.nc,netcdf4,1
2024-01-25,0.0003322504635434,5.0000002374872565e-05,796085.0,S3M_OLCI_EFRNT.20240125.L3m.DAY.ILW_CONUS.V5.all.CONUS.300m.nc,netcdf4,0
2024-01-26,0.0004175478243269,5.0000002374872565e-05,651644.0,S3M_OLCI_EFRNT.20240126.L3m.DAY.ILW_CONUS.V5.all.CONUS.300m.nc,netcdf4,1
2024-01-27,0.0002070337213808,5.0000002374872565e-05,1030580.0,S3M_OLCI_EFRNT.20240127.L3m.DAY.ILW_CONUS.V5.all.CONUS.300m.nc,netcdf4,0
2024-01-28,0.0002452591725159,5.0000002374872565e-05,955724.0,S3M_OLCI_EFRNT.20240128.L3m.DAY.ILW_CONUS.V5.all.CONUS.300m.nc,netcdf4,0
2024-01-29,0.0004349427472334,5.0000002374872565e-05,885553.0,S3M_OLCI_EFRNT.20240129.L3m.DAY.ILW_CONUS.V5.all.CONUS.300m.nc,netcdf4,0
2024-01-30,0.000301372987451,5.0000002374872565e-05,880861.0,S3M_OLCI_EFRNT.20240130.L3m.DAY.ILW_CONUS.V5.all.CONUS.300m.nc,netcdf4,0
2024-01-31,0.0002756591129582,5.0000002374872565e-05,1116209.0,S3M_OLCI_EFRNT.20240131.L3m.DAY.ILW_CONUS.V5.all.CONUS.300m.nc,netcdf4,0
2024-02-01,0.0002669626555871,5.0000002374872565e-05,1108134.0,S3M_OLCI_EFRNT.20240201.L3m.DAY.ILW_CONUS.V5.all.CONUS.300m.nc,netcdf4,0
2024-02-02,0.0005018090014345,5.0000002374872565e-05,1059756.0,S3M_OLCI_EFRNT.20240202.L3m.DAY.ILW_CONUS.V5.all.CONUS.300m.nc,netcdf4,0
2024-02-03,0.0002563447342254,5.0000002374872565e-05,1205989.0,S3M_OLCI_EFRNT.20240203.L3m.DAY.ILW_CONUS.V5.all.CONUS.300m.nc,netcdf4,0
2024-02-04,0.000394301576307,5.000000601285137e-05,1169037.0,S3M_OLCI_EFRNT.20240204.L3m.DAY.ILW_CONUS.V5.all.CONUS.300m.nc,netcdf4,0
2024-02-05,0.0003035968984477,5.0000002374872565e-05,920697.0,S3M_OLCI_EFRNT.20240205.L3m.DAY.ILW_CONUS.V5.all.CONUS.300m.nc,netcdf4,0
2024-02-06,0.0003585694357752,5.0000002374872565e-05,1096976.0,S3M_OLCI_EFRNT.20240206.L3m.DAY.ILW_CONUS.V5.all.CONUS.300m.nc,netcdf4,0
2024-02-07,0.0002645156637299,5.0000002374872565e-05,1162562.0,S3M_OLCI_EFRNT.20240207.L3m.DAY.ILW_CONUS.V5.all.CONUS.300m.nc,netcdf4,0
2024-02-08,0.0002301535860169,5.0000002374872565e-05,1277256.0,S3M_OLCI_EFRNT.20240208.L3m.DAY.ILW_CONUS.V5.all.CONUS.300m.nc,netcdf4,0
2024-02-09,0.0002999991993419,5.0000002374872565e-05,902601.0,S3M_OLCI_EFRNT.20240209.L3m.DAY.ILW_CONUS.V5.all.CONUS.300m.nc,netcdf4,0
2024-02-10,0.0003379061236046,5.0000002374872565e-05,780644.0,S3M_OLCI_EFRNT.20240210.L3m.DAY.ILW_CONUS.V5.all.CONUS.300m.nc,netcdf4,1
2024-02-11,0.0003013985260622,5.0000002374872565e-05,,,,0
2024-02-12,0.0002648909285198,5.0000002374872565e-05,1115210.0,S3M_OLCI_EFRNT.20240212.L3m.DAY.ILW_CONUS.V5.all.CONUS.300m.nc,netcdf4,0
2024-02-13,0.0002865851274691,5.0000002374872565e-05,1019523.0,S3M_OLCI_EFRNT.20240213.L3m.DAY.ILW_CONUS.V5.all.CONUS.300m.nc,netcdf4,0
2024-02-14,0.0003421077562961,5.0000002374872565e-05,1215439.0,S3M_OLCI_EFRNT.20240214.L3m.DAY.ILW_CONUS.V5.all.CONUS.300m.nc,netcdf4,0
2024-02-15,0.0003363479627296,0.0001021610660245,956536.0,S3M_OLCI_EFRNT.20240215.L3m.DAY.ILW_CONUS.V5.all.CONUS.300m.nc,netcdf4,0
2024-02-16,0.0002436998620396,5.0000002374872565e-05,983394.0,S3M_OLCI_EFRNT.20240216.L3m.DAY.ILW_CONUS.V5.all.CONUS.300m.nc,netcdf4,0
2024-02-17,0.0002747549442574,5.0000002374872565e-05,874710.0,S3M_OLCI_EFRNT.20240217.L3m.DAY.ILW_CONUS.V5.all.CONUS.300m.nc,netcdf4,0
2024-02-18,0.000372791517293,5.0000002374872565e-05,830060.0,S3M_OLCI_EFRNT.20240218.L3m.DAY.ILW_CONUS.V5.all.CONUS.300m.nc,netcdf4,0
2024-02-19,0.0002863809640984,5.0000002374872565e-05,1221862.0,S3M_OLCI_EFRNT.20240219.L3m.DAY.ILW_CONUS.V5.all.CONUS.300m.nc,netcdf4,0
2024-02-20,0.0003100273315794,5.0000002374872565e-05,1621292.0,S3M_OLCI_EFRNT.20240220.L3m.DAY.ILW_CONUS.V5.all.CONUS.300m.nc,netcdf4,0
2024-02-21,0.0002889800234697,5.0000002374872565e-05,1465507.0,S3M_OLCI_EFRNT.20240221.L3m.DAY.ILW_CONUS.V5.all.CONUS.300m.nc,netcdf4,0
2024-02-22,0.0003218710189685,5.0000002374872565e-05,1202833.0,S3M_OLCI_EFRNT.20240222.L3m.DAY.ILW_CONUS.V5.all.CONUS.300m.nc,netcdf4,0
2024-02-23,0.0002386177511652,5.0000002374872565e-05,1155534.0,S3M_OLCI_EFRNT.20240223.L3m.DAY.ILW_CONUS.V5.all.CONUS.300m.nc,netcdf4,0
2024-02-24,0.0002672295086085,5.0000002374872565e-05,1420253.0,S3M_OLCI_EFRNT.20240224.L3m.DAY.ILW_CONUS.V5.all.CONUS.300m.nc,netcdf4,0
2024-02-25,0.0002974428352899,5.0000002374872565e-05,1542755.0,S3M_OLCI_EFRNT.20240225.L3m.DAY.ILW_CONUS.V5.all.CONUS.300m.nc,netcdf4,0
2024-02-26,0.0002534864470362,5.0000002374872565e-05,1367471.0,S3M_OLCI_EFRNT.20240226.L3m.DAY.ILW_CONUS.V5.all.CONUS.300m.nc,netcdf4,0
2024-02-27,0.0002182825992349,5.0000002374872565e-05,1343749.0,S3M_OLCI_EFRNT.20240227.L3m.DAY.ILW_CONUS.V5.all.CONUS.300m.nc,netcdf4,0
2024-02-28,0.0002908113237936,5.0000002374872565e-05,979088.0,S3M_OLCI_EFRNT.20240228.L3m.DAY.ILW_CONUS.V5.all.CONUS.300m.nc,netcdf4,0
2024-02-29,0.0002447705192025,5.0000002374872565e-05,1095946.0,S3M_OLCI_EFRNT.20240229.L3m.DAY.ILW_CONUS.V5.all.CONUS.300m.nc,netcdf4,0
2024-03-01,0.0002167973580071,5.0000002374872565e-05,1147718.0,S3M_OLCI_EFRNT.20240301.L3m.DAY.ILW_CONUS.V5.all.CONUS.300m.nc,netcdf4,0
2024-03-02,0.0002825045376084,5.0000002374872565e-05,829850.0,S3M_OLCI_EFRNT.20240302.L3m.DAY.ILW_CONUS.V5.all.CONUS.300m.nc,netcdf4,0
2024-03-03,0.0003043839824385,5.0000002374872565e-05,880024.0,S3M_OLCI_EFRNT.20240303.L3m.DAY.ILW_CONUS.V5.all.CONUS.300m.nc,netcdf4,0
2024-03-04,0.000283266272163,5.0000002374872565e-05,1136084.0,S3M_OLCI_EFRNT.20240304.L3m.DAY.ILW_CONUS.V5.all.CONUS.300m.nc,netcdf4,0
2024-03-05,0.0002516893437132,5.0000002374872565e-05,1058393.0,S3M_OLCI_EFRNT.20240305.L3m.DAY.ILW_CONUS.V5.all.CONUS.300m.nc,netcdf4,0
2024-03-06,0.0002885278372559,5.0000002374872565e-05,1108410.0,S3M_OLCI_EFRNT.20240306.L3m.DAY.ILW_CONUS.V5.all.CONUS.300m.nc,netcdf4,0
2024-03-07,0.0002932381466962,5.0000002374872565e-05,1112521.0,S3M_OLCI_EFRNT.20240307.L3m.DAY.ILW_CONUS.V5.all.CONUS.300m.nc,netcdf4,0
2024-03-08,0.0003204286040272,5.0000002374872565e-05,959669.0,S3M_OLCI_EFRNT.20240308.L3m.DAY.ILW_CONUS.V5.all.CONUS.300m.nc,netcdf4,0
2024-03-09,0.0002310133131686,5.0000002374872565e-05,853836.0,S3M_OLCI_EFRNT.20240309.L3m.DAY.ILW_CONUS.V5.all.CONUS.300m.nc,netcdf4,0
2024-03-10,0.0002414513437543,5.0000002374872565e-05,1193840.0,S3M_OLCI_EFRNT.20240310.L3m.DAY.ILW_CONUS.V5.all.CONUS.300m.nc,netcdf4,0
2024-03-11,0.0002755065506789,5.0000002374872565e-05,1390550.0,S3M_OLCI_EFRNT.20240311.L3m.DAY.ILW_CONUS.V5.all.CONUS.300m.nc,netcdf4,0
2024-03-12,0.0002943447907455,5.0000002374872565e-05,1223781.0,S3M_OLCI_EFRNT.20240312.L3m.DAY.ILW_CONUS.V5.all.CONUS.300m.nc,netcdf4,0
2024-03-13,0.0001940998045029,5.0000002374872565e-05,1525035.0,S3M_OLCI_EFRNT.20240313.L3m.DAY.ILW_CONUS.V5.all.CONUS.300m.nc,netcdf4,0
2024-03-14,0.0002387786080362,5.0000002374872565e-05,1343232.0,S3M_OLCI_EFRNT.20240314.L3m.DAY.ILW_CONUS.V5.all.CONUS.300m.nc,netcdf4,0
2024-03-15,0.0002650390670169,5.0000002374872565e-05,1170140.0,S3M_OLCI_EFRNT.20240315.L3m.DAY.ILW_CONUS.V5.all.CONUS.300m.nc,netcdf4,0
2024-03-16,0.0002786008990369,5.0000002374872565e-05,1069266.0,S3M_OLCI_EFRNT.20240316.L3m.DAY.ILW_CONUS.V5.all.CONUS.300m.nc,netcdf4,0
2024-03-17,0.0001819734025048,5.0000002374872565e-05,1158080.0,S3M_OLCI_EFRNT.20240317.L3m.DAY.ILW_CONUS.V5.all.CONUS.300m.nc,netcdf4,0
2024-03-18,0.0002475272631272,5.0000002374872565e-05,1164469.0,S3M_OLCI_EFRNT.20240318.L3m.DAY.ILW_CONUS.V5.all.CONUS.300m.nc,netcdf4,0
2024-03-19,0.0003014901012647,5.0000002374872565e-05,1064896.0,S3M_OLCI_EFRNT.20240319.L3m.DAY.ILW_CONUS.V5.all.CONUS.300m.nc,netcdf4,0
2024-03-20,0.0002652157563716,5.0000002374872565e-05,1089183.0,S3M_OLCI_EFRNT.20240320.L3m.DAY.ILW_CONUS.V5.all.CONUS.300m.nc,netcdf4,0
2024-03-21,0.0002161950396839,5.0000002374872565e-05,1414719.0,S3M_OLCI_EFRNT.20240321.L3m.DAY.ILW_CONUS.V5.all.CONUS.300m.nc,netcdf4,0
2024-03-22,0.0001460046557622125,5.0000002374872565e-05,47109.0,S3M_OLCI_EFRNT.20240322.L3m.DAY.ILW_CONUS.V5.all.CONUS.300m.nc,netcdf4,1
2024-03-23,0.0003333709319122,5.0000002374872565e-05,1102895.0,S3M_OLCI_EFRNT.20240323.L3m.DAY.ILW_CONUS.V5.all.CONUS.300m.nc,netcdf4,0
2024-03-24,0.0002882209664676,5.0000002374872565e-05,1091117.0,S3M_OLCI_EFRNT.20240324.L3m.DAY.ILW_CONUS.V5.all.CONUS.300m.nc,netcdf4,0
2024-03-25,0.0002093529474223,5.0000002374872565e-05,1255543.0,S3M_OLCI_EFRNT.20240325.L3m.DAY.ILW_CONUS.V5.all.CONUS.300m.nc,netcdf4,0
2024-03-26,0.0003638628695625,5.0000002374872565e-05,1058199.0,S3M_OLCI_EFRNT.20240326.L3m.DAY.ILW_CONUS.V5.all.CONUS.300m.nc,netcdf4,0
2024-03-27,0.0004000144544988,5.0000002374872565e-05,853660.0,S3M_OLCI_EFRNT.20240327.L3m.DAY.ILW_CONUS.V5.all.CONUS.300m.nc,netcdf4,0
2024-03-28,0.0002236063446616,5.0000002374872565e-05,1055267.0,S3M_OLCI_EFRNT.20240328.L3m.DAY.ILW_CONUS.V5.all.CONUS.300m.nc,netcdf4,0
2024-03-29,0.0002623504842631,5.0000002374872565e-05,1497834.0,S3M_OLCI_EFRNT.20240329.L3m.DAY.ILW_CONUS.V5.all.CONUS.300m.nc,netcdf4,0
2024-03-30,0.0003244579420424,5.0000002374872565e-05,1186962.0,S3M_OLCI_EFRNT.20240330.L3m.DAY.ILW_CONUS.V5.all.CONUS.300m.nc,netcdf4,0
2024-03-31,0.0003665669355541,5.0000002374872565e-05,1126668.0,S3M_OLCI_EFRNT.20240331.L3m.DAY.ILW_CONUS.V5.all.CONUS.300m.nc,netcdf4,0
2024-04-01,0.0002758140035439,5.0000002374872565e-05,1050363.0,S3M_OLCI_EFRNT.20240401.L3m.DAY.ILW_CONUS.V5.all.CONUS.300m.nc,netcdf4,0
2024-04-02,0.0002894927747547,5.0000002374872565e-05,1081352.0,S3M_OLCI_EFRNT.20240402.L3m.DAY.ILW_CONUS.V5.all.CONUS.300m.nc,netcdf4,0
2024-04-03,0.0002842440153472,5.0000002374872565e-05,945353.0,S3M_OLCI_EFRNT.20240403.L3m.DAY.ILW_CONUS.V5.all.CONUS.300m.nc,netcdf4,0
2024-04-04,0.0003568763204384,5.0000002374872565e-05,1088525.0,S3M_OLCI_EFRNT.20240404.L3m.DAY.ILW_CONUS.V5.all.CONUS.300m.nc,netcdf4,0
2024-04-05,0.0002663504274096,5.0000002374872565e-05,1515422.0,S3M_OLCI_EFRNT.20240405.L3m.DAY.ILW_CONUS.V5.all.CONUS.300m.nc,netcdf4,0
2024-04-06,0.0002387762215221,5.0000002374872565e-05,1662940.0,S3M_OLCI_EFRNT.20240406.L3m.DAY.ILW_CONUS.V5.all.CONUS.300m.nc,netcdf4,0
2024-04-07,0.000246191950282,5.0000002374872565e-05,1471038.0,S3M_OLCI_EFRNT.20240407.L3m.DAY.ILW_CONUS.V5.all.CONUS.300m.nc,netcdf4,0
2024-04-08,0.0003035315603483,5.0000002374872565e-05,1218532.0,S3M_OLCI_EFRNT.20240408.L3m.DAY.ILW_CONUS.V5.all.CONUS.300m.nc,netcdf4,0
2024-04-09,0.0002424830890959,5.0000002374872565e-05,1171927.0,S3M_OLCI_EFRNT.20240409.L3m.DAY.ILW_CONUS.V5.all.CONUS.300m.nc,netcdf4,0
2024-04-10,0.0002626157947815,5.0000002374872565e-05,1541649.0,S3M_OLCI_EFRNT.20240410.L3m.DAY.ILW_CONUS.V5.all.CONUS.300m.nc,netcdf4,0
2024-04-11,0.000281431392068,5.0000002374872565e-05,979446.0,S3M_OLCI_EFRNT.20240411.L3m.DAY.ILW_CONUS.V5.all.CONUS.300m.nc,netcdf4,0
2024-04-12,0.0003498966398183,5.0000002374872565e-05,1108801.0,S3M_OLCI_EFRNT.20240412.L3m.DAY.ILW_CONUS.V5.all.CONUS.300m.nc,netcdf4,0
2024-04-13,0.0002238402084913,5.0000002374872565e-05,1565136.0,S3M_OLCI_EFRNT.20240413.L3m.DAY.ILW_CONUS.V5.all.CONUS.300m.nc,netcdf4,0
2024-04-14,0.0003110432298853,5.0000002374872565e-05,1676197.0,S3M_OLCI_EFRNT.20240414.L3m.DAY.ILW_CONUS.V5.all.CONUS.300m.nc,netcdf4,0
2024-04-15,0.0002955146483145,5.0000002374872565e-05,1620392.0,S3M_OLCI_EFRNT.20240415.L3m.DAY.ILW_CONUS.V5.all.CONUS.300m.nc,netcdf4,0
2024-04-16,0.0002652272814884,5.0000002374872565e-05,1341676.0,S3M_OLCI_EFRNT.20240416.L3m.DAY.ILW_CONUS.V5.all.CONUS.300m.nc,netcdf4,0
2024-04-17,0.0002817997883539,5.0000002374872565e-05,1155209.0,S3M_OLCI_EFRNT.20240417.L3m.DAY.ILW_CONUS.V5.all.CONUS.300m.nc,netcdf4,0
2024-04-18,0.0002806359261739,5.0000002374872565e-05,1326307.0,S3M_OLCI_EFRNT.20240418.L3m.DAY.ILW_CONUS.V5.all.CONUS.300m.nc,netcdf4,0
2024-04-19,0.0003187098191119,5.0000002374872565e-05,1267688.0,S3M_OLCI_EFRNT.20240419.L3m.DAY.ILW_CONUS.V5.all.CONUS.300m.nc,netcdf4,0
2024-04-20,0.00030834085191595005,5.0000002374872565e-05,,,,0
2024-04-21,0.00029797188472,5.0000002374872565e-05,1327998.0,S3M_OLCI_EFRNT.20240421.L3m.DAY.ILW_CONUS.V5.all.CONUS.300m.nc,netcdf4,0
2024-04-22,0.00025151410955,5.0000002374872565e-05,1506978.0,S3M_OLCI_EFRNT.20240422.L3m.DAY.ILW_CONUS.V5.all.CONUS.300m.nc,netcdf4,0
2024-04-23,0.0003230773145332,5.0000002374872565e-05,1466809.0,S3M_OLCI_EFRNT.20240423.L3m.DAY.ILW_CONUS.V5.all.CONUS.300m.nc,netcdf4,0
2024-04-24,0.0003190437564626,5.0000002374872565e-05,1470658.0,S3M_OLCI_EFRNT.20240424.L3m.DAY.ILW_CONUS.V5.all.CONUS.300m.nc,netcdf4,0
2024-04-25,0.0002499459660612,5.0000002374872565e-05,1917071.0,S3M_OLCI_EFRNT.20240425.L3m.DAY.ILW_CONUS.V5.all.CONUS.300m.nc,netcdf4,0
2024-04-26,0.0002248173550469,5.0000002374872565e-05,1645734.0,S3M_OLCI_EFRNT.20240426.L3m.DAY.ILW_CONUS.V5.all.CONUS.300m.nc,netcdf4,0
2024-04-27,0.0003171000280417,5.0000002374872565e-05,1222860.0,S3M_OLCI_EFRNT.20240427.L3m.DAY.ILW_CONUS.V5.all.CONUS.300m.nc,netcdf4,0
2024-04-28,0.0002783931267913,5.0000002374872565e-05,1090606.0,S3M_OLCI_EFRNT.20240428.L3m.DAY.ILW_CONUS.V5.all.CONUS.300m.nc,netcdf4,0
2024-04-29,0.0002960880228783,5.0000002374872565e-05,1264635.0,S3M_OLCI_EFRNT.20240429.L3m.DAY.ILW_CONUS.V5.all.CONUS.300m.nc,netcdf4,0
2024-04-30,0.0003577051393222,5.0000002374872565e-05,1084576.0,S3M_OLCI_EFRNT.20240430.L3m.DAY.ILW_CONUS.V5.all.CONUS.300m.nc,netcdf4,0
2024-05-01,0.0003255060291849,5.0000002374872565e-05,1030179.0,S3M_OLCI_EFRNT.20240501.L3m.DAY.ILW_CONUS.V5.all.CONUS.300m.nc,netcdf4,0
2024-05-02,0.0002467518788762,5.0000002374872565e-05,1271811.0,S3M_OLCI_EFRNT.20240502.L3m.DAY.ILW_CONUS.V5.all.CONUS.300m.nc,netcdf4,0
2024-05-03,0.0002694588620215,5.0000002374872565e-05,1236772.0,S3M_OLCI_EFRNT.20240503.L3m.DAY.ILW_CONUS.V5.all.CONUS.300m.nc,netcdf4,0
2024-05-04,0.0003168579714838,5.0000002374872565e-05,1120815.0,S3M_OLCI_EFRNT.20240504.L3m.DAY.ILW_CONUS.V5.all.CONUS.300m.nc,netcdf4,0
2024-05-05,0.0003138362662866,5.0000002374872565e-05,1255219.0,S3M_OLCI_EFRNT.20240505.L3m.DAY.ILW_CONUS.V5.all.CONUS.300m.nc,netcdf4,0
2024-05-06,0.0002191192761529,5.0000002374872565e-05,1487641.0,S3M_OLCI_EFRNT.20240506.L3m.DAY.ILW_CONUS.V5.all.CONUS.300m.nc,netcdf4,0
2024-05-07,0.0002570078650023,5.0000002374872565e-05,1585768.0,S3M_OLCI_EFRNT.20240507.L3m.DAY.ILW_CONUS.V5.all.CONUS.300m.nc,netcdf4,0
2024-05-08,0.0003453622339293,5.0000002374872565e-05,1558065.0,S3M_OLCI_EFRNT.20240508.L3m.DAY.ILW_CONUS.V5.all.CONUS.300m.nc,netcdf4,0
2024-05-09,0.0003866342885885,5.000000601285137e-05,1437941.0,S3M_OLCI_EFRNT.20240509.L3m.DAY.ILW_CONUS.V5.all.CONUS.300m.nc,netcdf4,0
2024-05-10,0.0003064530319534,5.000000601285137e-05,1437097.0,S3M_OLCI_EFRNT.20240510.L3m.DAY.ILW_CONUS.V5.all.CONUS.300m.nc,netcdf4,0
2024-05-11,0.00034927114029409997,5.000000601285137e-05,,,,0
2024-05-12,0.0003920892486348,5.000000601285137e-05,1312700.0,S3M_OLCI_EFRNT.20240512.L3m.DAY.ILW_CONUS.V5.all.CONUS.300m.nc,netcdf4,0
2024-05-13,0.0004273859376553,5.000000601285137e-05,1335534.0,S3M_OLCI_EFRNT.20240513.L3m.DAY.ILW_CONUS.V5.all.CONUS.300m.nc,netcdf4,0
2024-05-14,0.0003130168188363,5.0000002374872565e-05,1376583.0,S3M_OLCI_EFRNT.20240514.L3m.DAY.ILW_CONUS.V5.all.CONUS.300m.nc,netcdf4,0
2024-05-15,0.0003311833133921,5.0000002374872565e-05,1433481.0,S3M_OLCI_EFRNT.20240515.L3m.DAY.ILW_CONUS.V5.all.CONUS.300m.nc,netcdf4,0
2024-05-16,0.0004103389801457,5.0000002374872565e-05,1191104.0,S3M_OLCI_EFRNT.20240516.L3m.DAY.ILW_CONUS.V5.all.CONUS.300m.nc,netcdf4,0
2024-05-17,0.0004355794226285,5.0000002374872565e-05,1016117.0,S3M_OLCI_EFRNT.20240517.L3m.DAY.ILW_CONUS.V5.all.CONUS.300m.nc,netcdf4,0
2024-05-18,0.0002927056048065,5.0000002374872565e-05,1064271.0,S3M_OLCI_EFRNT.20240518.L3m.DAY.ILW_CONUS.V5.all.CONUS.300m.nc,netcdf4,0
2024-05-19,0.0003167380928061,5.0000002374872565e-05,1362468.0,S3M_OLCI_EFRNT.20240519.L3m.DAY.ILW_CONUS.V5.all.CONUS.300m.nc,netcdf4,0
2024-05-20,0.0004416941374074,5.0000002374872565e-05,1092608.0,S3M_OLCI_EFRNT.20240520.L3m.DAY.ILW_CONUS.V5.all.CONUS.300m.nc,netcdf4,0
2024-05-21,0.0003044728946406,5.0000002374872565e-05,1263262.0,S3M_OLCI_EFRNT.20240521.L3m.DAY.ILW_CONUS.V5.all.CONUS.300m.nc,netcdf4,0
2024-05-22,0.000297516817227,5.0000002374872565e-05,1401554.0,S3M_OLCI_EFRNT.20240522.L3m.DAY.ILW_CONUS.V5.all.CONUS.300m.nc,netcdf4,0
2024-05-23,0.0002674259594641,5.0000002374872565e-05,1573192.0,S3M_OLCI_EFRNT.20240523.L3m.DAY.ILW_CONUS.V5.all.CONUS.300m.nc,netcdf4,0
2024-05-24,0.0003574448637664,5.0000002374872565e-05,1442747.0,S3M_OLCI_EFRNT.20240524.L3m.DAY.ILW_CONUS.V5.all.CONUS.300m.nc,netcdf4,0
2024-05-25,0.0002649007365107,5.0000002374872565e-05,1440130.0,S3M_OLCI_EFRNT.20240525.L3m.DAY.ILW_CONUS.V5.all.CONUS.300m.nc,netcdf4,0
2024-05-26,0.0003168823604937,5.000000601285137e-05,1573183.0,S3M_OLCI_EFRNT.20240526.L3m.DAY.ILW_CONUS.V5.all.CONUS.300m.nc,netcdf4,0
2024-05-27,0.0003886456834152,5.000000601285137e-05,1224400.0,S3M_OLCI_EFRNT.20240527.L3m.DAY.ILW_CONUS.V5.all.CONUS.300m.nc,netcdf4,0
2024-05-28,0.0003558490134309,5.0000002374872565e-05,1316407.0,S3M_OLCI_EFRNT.20240528.L3m.DAY.ILW_CONUS.V5.all.CONUS.300m.nc,netcdf4,0
2024-05-29,0.000308851536829,5.000000601285137e-05,1729309.0,S3M_OLCI_EFRNT.20240529.L3m.DAY.ILW_CONUS.V5.all.CONUS.300m.nc,netcdf4,0
2024-05-30,0.0003042146854568,5.0000002374872565e-05,1833068.0,S3M_OLCI_EFRNT.20240530.L3m.DAY.ILW_CONUS.V5.all.CONUS.300m.nc,netcdf4,0
2024-05-31,0.0003660145157482,5.000000601285137e-05,1627512.0,S3M_OLCI_EFRNT.20240531.L3m.DAY.ILW_CONUS.V5.all.CONUS.300m.nc,netcdf4,0
2024-06-01,0.0004585571005009,5.000000601285137e-05,1166502.0,S3M_OLCI_EFRNT.20240601.L3m.DAY.ILW_CONUS.V5.all.CONUS.300m.nc,netcdf4,0
2024-06-02,0.000360994687071,5.0000002374872565e-05,1296017.0,S3M_OLCI_EFRNT.20240602.L3m.DAY.ILW_CONUS.V5.all.CONUS.300m.nc,netcdf4,0
2024-06-03,0.0003600784984882,5.0000002374872565e-05,1473017.0,S3M_OLCI_EFRNT.20240603.L3m.DAY.ILW_CONUS.V5.all.CONUS.300m.nc,netcdf4,0
2024-06-04,0.0003690076991915,5.0000002374872565e-05,1267325.0,S3M_OLCI_EFRNT.20240604.L3m.DAY.ILW_CONUS.V5.all.CONUS.300m.nc,netcdf4,0
2024-06-05,0.0004212092317175,5.0000002374872565e-05,1013883.0,S3M_OLCI_EFRNT.20240605.L3m.DAY.ILW_CONUS.V5.all.CONUS.300m.nc,netcdf4,0
2024-06-06,0.0003767164889723,5.0000002374872565e-05,1392648.0,S3M_OLCI_EFRNT.20240606.L3m.DAY.ILW_CONUS.V5.all.CONUS.300m.nc,netcdf4,0
2024-06-07,0.0003907927020918,5.0000002374872565e-05,1458666.0,S3M_OLCI_EFRNT.20240607.L3m.DAY.ILW_CONUS.V5.all.CONUS.300m.nc,netcdf4,0
2024-06-08,0.00044667252223,5.0000002374872565e-05,1216723.0,S3M_OLCI_EFRNT.20240608.L3m.DAY.ILW_CONUS.V5.all.CONUS.300m.nc,netcdf4,0
2024-06-09,0.0005493403295986,0.0002304781082784,1242462.0,S3M_OLCI_EFRNT.20240609.L3m.DAY.ILW_CONUS.V5.all.CONUS.300m.nc,netcdf4,0
2024-06-10,0.000378523254767,5.000000601285137e-05,1569524.0,S3M_OLCI_EFRNT.20240610.L3m.DAY.ILW_CONUS.V5.all.CONUS.300m.nc,netcdf4,0
2024-06-11,0.0004881464410573,5.514241638593376e-05,1357892.0,S3M_OLCI_EFRNT.20240611.L3m.DAY.ILW_CONUS.V5.all.CONUS.300m.nc,netcdf4,0
2024-06-12,0.0004596881626639,5.0000002374872565e-05,1278659.0,S3M_OLCI_EFRNT.20240612.L3m.DAY.ILW_CONUS.V5.all.CONUS.300m.nc,netcdf4,0
2024-06-13,0.0004868070536758,5.000000601285137e-05,1244636.0,S3M_OLCI_EFRNT.20240613.L3m.DAY.ILW_CONUS.V5.all.CONUS.300m.nc,netcdf4,0
2024-06-14,0.0004253020160831,0.0001205940134241,1586509.0,S3M_OLCI_EFRNT.20240614.L3m.DAY.ILW_CONUS.V5.all.CONUS.300m.nc,netcdf4,0
2024-06-15,0.0004386887012515,5.000000601285137e-05,1347999.0,S3M_OLCI_EFRNT.20240615.L3m.DAY.ILW_CONUS.V5.all.CONUS.300m.nc,netcdf4,0
2024-06-16,0.0005697657470591,6.320375541690737e-05,1105200.0,S3M_OLCI_EFRNT.20240616.L3m.DAY.ILW_CONUS.V5.all.CONUS.300m.nc,netcdf4,0
2024-06-17,0.0005171953234821,0.000114928894618,1219287.0,S3M_OLCI_EFRNT.20240617.L3m.DAY.ILW_CONUS.V5.all.CONUS.300m.nc,netcdf4,0
2024-06-18,0.000355769356247,5.0000002374872565e-05,1404870.0,S3M_OLCI_EFRNT.20240618.L3m.DAY.ILW_CONUS.V5.all.CONUS.300m.nc,netcdf4,0
2024-06-19,0.0004464277008082,5.0000002374872565e-05,1319140.0,S3M_OLCI_EFRNT.20240619.L3m.DAY.ILW_CONUS.V5.all.CONUS.300m.nc,netcdf4,0
2024-06-20,0.0004662659775931,6.331977783702314e-05,1380497.0,S3M_OLCI_EFRNT.20240620.L3m.DAY.ILW_CONUS.V5.all.CONUS.300m.nc,netcdf4,0
2024-06-21,0.0005081126000732,0.0002424069680273,1199406.0,S3M_OLCI_EFRNT.20240621.L3m.DAY.ILW_CONUS.V5.all.CONUS.300m.nc,netcdf4,0
2024-06-22,0.0004556878993753,0.0001719444699119,1332606.0,S3M_OLCI_EFRNT.20240622.L3m.DAY.ILW_CONUS.V5.all.CONUS.300m.nc,netcdf4,0
2024-06-23,0.0005849507288075,0.0007919662166386,1242236.0,S3M_OLCI_EFRNT.20240623.L3m.DAY.ILW_CONUS.V5.all.CONUS.300m.nc,netcdf4,0
2024-06-24,0.0005238872254267,0.0001503946114098,1279169.0,S3M_OLCI_EFRNT.20240624.L3m.DAY.ILW_CONUS.V5.all.CONUS.300m.nc,netcdf4,0
2024-06-25,0.0004963258397765,6.70348308631219e-05,1230264.0,S3M_OLCI_EFRNT.20240625.L3m.DAY.ILW_CONUS.V5.all.CONUS.300m.nc,netcdf4,0
2024-06-26,0.0006678305217064,0.0003468012437224,1327325.0,S3M_OLCI_EFRNT.20240626.L3m.DAY.ILW_CONUS.V5.all.CONUS.300m.nc,netcdf4,0
2024-06-27,0.0004898297484032,5.228057489148341e-05,1503267.0,S3M_OLCI_EFRNT.20240627.L3m.DAY.ILW_CONUS.V5.all.CONUS.300m.nc,netcdf4,0
2024-06-28,0.0006306176655925,0.000429174513556,1137623.0,S3M_OLCI_EFRNT.20240628.L3m.DAY.ILW_CONUS.V5.all.CONUS.300m.nc,netcdf4,0
2024-06-29,0.0006367346504703,0.0008256252040155,1275570.0,S3M_OLCI_EFRNT.20240629.L3m.DAY.ILW_CONUS.V5.all.CONUS.300m.nc,netcdf4,0
2024-06-30,0.0006645697285421,0.0010102072264999,1584133.0,S3M_OLCI_EFRNT.20240630.L3m.DAY.ILW_CONUS.V5.all.CONUS.300m.nc,netcdf4,0
2024-07-01,0.0003901433083228,5.000000601285137e-05,1516304.0,S3M_OLCI_EFRNT.20240701.L3m.DAY.ILW_CONUS.V5.all.CONUS.300m.nc,netcdf4,0
2024-07-02,0.0006181519129313,0.0003517370787449,1216523.0,S3M_OLCI_EFRNT.20240702.L3m.DAY.ILW_CONUS.V5.all.CONUS.300m.nc,netcdf4,0
2024-07-03,0.0005561779835261,5.000000601285137e-05,1647632.0,S3M_OLCI_EFRNT.20240703.L3m.DAY.ILW_CONUS.V5.all.CONUS.300m.nc,netcdf4,0
2024-07-04,0.0006769697065465,0.0006865737377665,1567619.0,S3M_OLCI_EFRNT.20240704.L3m.DAY.ILW_CONUS.V5.all.CONUS.300m.nc,netcdf4,0
2024-07-05,0.000727723527234,0.0010851600673049,1616809.0,S3M_OLCI_EFRNT.20240705.L3m.DAY.ILW_CONUS.V5.all.CONUS.300m.nc,netcdf4,0
2024-07-06,0.0007292157970368,0.0005878009833395,1475741.0,S3M_OLCI_EFRNT.20240706.L3m.DAY.ILW_CONUS.V5.all.CONUS.300m.nc,netcdf4,0
2024-07-07,0.0006452101515606,0.0001730874355416,1604999.0,S3M_OLCI_EFRNT.20240707.L3m.DAY.ILW_CONUS.V5.all.CONUS.300m.nc,netcdf4,0
2024-07-08,0.0007632033666595,0.0008139595738612,1486552.0,S3M_OLCI_EFRNT.20240708.L3m.DAY.ILW_CONUS.V5.all.CONUS.300m.nc,netcdf4,0
2024-07-09,0.000766132667195,0.0007268508197739,1199677.0,S3M_OLCI_EFRNT.20240709.L3m.DAY.ILW_CONUS.V5.all.CONUS.300m.nc,netcdf4,0
2024-07-10,0.0007424266659654,0.0004856500599998,1245620.0,S3M_OLCI_EFRNT.20240710.L3m.DAY.ILW_CONUS.V5.all.CONUS.300m.nc,netcdf4,0
2024-07-11,0.0006554917199537,0.0001329392835032,1524551.0,S3M_OLCI_EFRNT.20240711.L3m.DAY.ILW_CONUS.V5.all.CONUS.300m.nc,netcdf4,0
2024-07-12,0.0006150225526653,5.000000601285137e-05,1406936.0,S3M_OLCI_EFRNT.20240712.L3m.DAY.ILW_CONUS.V5.all.CONUS.300m.nc,netcdf4,0
2024-07-13,0.0007004629587754,0.0008121126447804,1434134.0,S3M_OLCI_EFRNT.20240713.L3m.DAY.ILW_CONUS.V5.all.CONUS.300m.nc,netcdf4,0
2024-07-14,0.0006881632143631,0.0005183423636481,1413570.0,S3M_OLCI_EFRNT.20240714.L3m.DAY.ILW_CONUS.V5.all.CONUS.300m.nc,netcdf4,0
2024-07-15,0.0006395658128894,0.0002811698650475,1536365.0,S3M_OLCI_EFRNT.20240715.L3m.DAY.ILW_CONUS.V5.all.CONUS.300m.nc,netcdf4,0
2024-07-16,0.0007859308971092,0.0011360930511727,1702331.0,S3M_OLCI_EFRNT.20240716.L3m.DAY.ILW_CONUS.V5.all.CONUS.300m.nc,netcdf4,0
2024-07-17,0.0009850686183199,0.002182199852541,1592633.0,S3M_OLCI_EFRNT.20240717.L3m.DAY.ILW_CONUS.V5.all.CONUS.300m.nc,netcdf4,0
2024-07-18,0.0008868134464137,0.0013875970616936,1535997.0,S3M_OLCI_EFRNT.20240718.L3m.DAY.ILW_CONUS.V5.all.CONUS.300m.nc,netcdf4,0
2024-07-19,0.0005955013912171,5.0000002374872565e-05,1548916.0,S3M_OLCI_EFRNT.20240719.L3m.DAY.ILW_CONUS.V5.all.CONUS.300m.nc,netcdf4,0
2024-07-20,0.0006210205028764,5.007142317481339e-05,1433310.0,S3M_OLCI_EFRNT.20240720.L3m.DAY.ILW_CONUS.V5.all.CONUS.300m.nc,netcdf4,0
2024-07-21,0.0005444864509627,5.0000002374872565e-05,1033951.0,S3M_OLCI_EFRNT.20240721.L3m.DAY.ILW_CONUS.V5.all.CONUS.300m.nc,netcdf4,0
2024-07-22,0.0004923211527056,5.0000002374872565e-05,1286416.0,S3M_OLCI_EFRNT.20240722.L3m.DAY.ILW_CONUS.V5.all.CONUS.300m.nc,netcdf4,0
2024-07-23,0.0005090004415251,0.000217555090785,1654060.0,S3M_OLCI_EFRNT.20240723.L3m.DAY.ILW_CONUS.V5.all.CONUS.300m.nc,netcdf4,0
2024-07-24,0.0005855979979969,0.0004743040772154,1492889.0,S3M_OLCI_EFRNT.20240724.L3m.DAY.ILW_CONUS.V5.all.CONUS.300m.nc,netcdf4,0
2024-07-25,0.0005216194549575,5.0000002374872565e-05,1421720.0,S3M_OLCI_EFRNT.20240725.L3m.DAY.ILW_CONUS.V5.all.CONUS.300m.nc,netcdf4,0
2024-07-26,0.000609794864431,0.0001263055310118,1678636.0,S3M_OLCI_EFRNT.20240726.L3m.DAY.ILW_CONUS.V5.all.CONUS.300m.nc,netcdf4,0
2024-07-27,0.0006691619055345,0.0008408291614614,1729550.0,S3M_OLCI_EFRNT.20240727.L3m.DAY.ILW_CONUS.V5.all.CONUS.300m.nc,netcdf4,0
2024-07-28,0.0008563247392885,0.0020449291914701,1752761.0,S3M_OLCI_EFRNT.20240728.L3m.DAY.ILW_CONUS.V5.all.CONUS.300m.nc,netcdf4,0
2024-07-29,0.0017468746518716,0.0058240527287125,1402196.0,S3M_OLCI_EFRNT.20240729.L3m.DAY.ILW_CONUS.V5.all.CONUS.300m.nc,netcdf4,0
2024-07-30,0.0009228133712895,0.002421851735562,1741818.0,S3M_OLCI_EFRNT.20240730.L3m.DAY.ILW_CONUS.V5.all.CONUS.300m.nc,netcdf4,0
2024-07-31,0.0009412086219526,0.0023939798120409,1923630.0,S3M_OLCI_EFRNT.20240731.L3m.DAY.ILW_CONUS.V5.all.CONUS.300m.nc,netcdf4,0
2024-08-01,0.001080171437934,0.0029636407271027,1779799.0,S3M_OLCI_EFRNT.20240801.L3m.DAY.ILW_CONUS.V5.all.CONUS.300m.nc,netcdf4,0
2024-08-02,0.0011108192848041,0.0031306082382798,1749881.0,S3M_OLCI_EFRNT.20240802.L3m.DAY.ILW_CONUS.V5.all.CONUS.300m.nc,netcdf4,0
2024-08-03,0.0009457707055844,0.0019453398417681,1757542.0,S3M_OLCI_EFRNT.20240803.L3m.DAY.ILW_CONUS.V5.all.CONUS.300m.nc,netcdf4,0
2024-08-04,0.0012259890791028,0.0038741091266274,1260764.0,S3M_OLCI_EFRNT.20240804.L3m.DAY.ILW_CONUS.V5.all.CONUS.300m.nc,netcdf4,0
2024-08-05,0.0007919491035863,0.001719165360555,1499547.0,S3M_OLCI_EFRNT.20240805.L3m.DAY.ILW_CONUS.V5.all.CONUS.300m.nc,netcdf4,0
2024-08-06,0.0008990409551188,0.0018110321834683,1422262.0,S3M_OLCI_EFRNT.20240806.L3m.DAY.ILW_CONUS.V5.all.CONUS.300m.nc,netcdf4,0
2024-08-07,0.0009900234872475,0.0021326378919184,1631186.0,S3M_OLCI_EFRNT.20240807.L3m.DAY.ILW_CONUS.V5.all.CONUS.300m.nc,netcdf4,0
2024-08-08,0.001189595204778,0.0029971995390951,1476731.0,S3M_OLCI_EFRNT.20240808.L3m.DAY.ILW_CONUS.V5.all.CONUS.300m.nc,netcdf4,0
2024-08-09,0.0012739179655909,0.003455945290625,1537956.0,S3M_OLCI_EFRNT.20240809.L3m.DAY.ILW_CONUS.V5.all.CONUS.300m.nc,netcdf4,0
2024-08-10,0.0014084305148571,0.0046144854277372,1556576.0,S3M_OLCI_EFRNT.20240810.L3m.DAY.ILW_CONUS.V5.all.CONUS.300m.nc,netcdf4,0
2024-08-11,0.0011622273596003,0.0036735429894179,1950665.0,S3M_OLCI_EFRNT.20240811.L3m.DAY.ILW_CONUS.V5.all.CONUS.300m.nc,netcdf4,0
2024-08-12,0.001186640933156,0.0036246827803552,2117090.0,S3M_OLCI_EFRNT.20240812.L3m.DAY.ILW_CONUS.V5.all.CONUS.300m.nc,netcdf4,0
2024-08-13,0.001150838448666,0.0028534741140902,1911218.0,S3M_OLCI_EFRNT.20240813.L3m.DAY.ILW_CONUS.V5.all.CONUS.300m.nc,netcdf4,0
2024-08-14,0.0008106717723421,0.0008633373654447,1860291.0,S3M_OLCI_EFRNT.20240814.L3m.DAY.ILW_CONUS.V5.all.CONUS.300m.nc,netcdf4,0
2024-08-15,0.0007172143668867,9.14692136575468e-05,1852878.0,S3M_OLCI_EFRNT.20240815.L3m.DAY.ILW_CONUS.V5.all.CONUS.300m.nc,netcdf4,0
2024-08-16,0.0007803732296451,0.0010130766313523,1517060.0,S3M_OLCI_EFRNT.20240816.L3m.DAY.ILW_CONUS.V5.all.CONUS.300m.nc,netcdf4,0
2024-08-17,0.0012189619010314,0.0040046656504273,1348573.0,S3M_OLCI_EFRNT.20240817.L3m.DAY.ILW_CONUS.V5.all.CONUS.300m.nc,netcdf4,0
2024-08-18,0.0011301410850137,0.0029100945685058,1599161.0,S3M_OLCI_EFRNT.20240818.L3m.DAY.ILW_CONUS.V5.all.CONUS.300m.nc,netcdf4,0
2024-08-19,0.0010572278406471,0.0031518447212874,1754814.0,S3M_OLCI_EFRNT.20240819.L3m.DAY.ILW_CONUS.V5.all.CONUS.300m.nc,netcdf4,0
2024-08-20,0.0009548985399305,0.0022507198154926,1830328.0,S3M_OLCI_EFRNT.20240820.L3m.DAY.ILW_CONUS.V5.all.CONUS.300m.nc,netcdf4,0
2024-08-21,0.0010909322882071,0.0028704241849482,1945256.0,S3M_OLCI_EFRNT.20240821.L3m.DAY.ILW_CONUS.V5.all.CONUS.300m.nc,netcdf4,0
2024-08-22,0.0007000644691288,9.682583186076954e-05,1833640.0,S3M_OLCI_EFRNT.20240822.L3m.DAY.ILW_CONUS.V5.all.CONUS.300m.nc,netcdf4,0
2024-08-23,0.0013259869301691,0.0045523680746555,1530080.0,S3M_OLCI_EFRNT.20240823.L3m.DAY.ILW_CONUS.V5.all.CONUS.300m.nc,netcdf4,0
2024-08-24,0.001022114418447,0.0029376009479165,1485016.0,S3M_OLCI_EFRNT.20240824.L3m.DAY.ILW_CONUS.V5.all.CONUS.300m.nc,netcdf4,0
2024-08-25,0.0009202690562233,0.0016597487265244,1797228.0,S3M_OLCI_EFRNT.20240825.L3m.DAY.ILW_CONUS.V5.all.CONUS.300m.nc,netcdf4,0
2024-08-26,0.0010702249128371,0.0029104948043823,2061948.0,S3M_OLCI_EFRNT.20240826.L3m.DAY.ILW_CONUS.V5.all.CONUS.300m.nc,netcdf4,0
2024-08-27,0.0012000680435448,0.0039788270369172,1742285.0,S3M_OLCI_EFRNT.20240827.L3m.DAY.ILW_CONUS.V5.all.CONUS.300m.nc,netcdf4,0
2024-08-28,0.0011850403388962,0.0039406670257449,1570596.0,S3M_OLCI_EFRNT.20240828.L3m.DAY.ILW_CONUS.V5.all.CONUS.300m.nc,netcdf4,0
2024-08-29,0.0011676501017063,0.0030517927370965,1616097.0,S3M_OLCI_EFRNT.20240829.L3m.DAY.ILW_CONUS.V5.all.CONUS.300m.nc,netcdf4,0
2024-08-30,0.0011488428572192,0.0035798717290163,1644431.0,S3M_OLCI_EFRNT.20240830.L3m.DAY.ILW_CONUS.V5.all.CONUS.300m.nc,netcdf4,0
2024-08-31,0.0014142600120976,0.0047745425254106,1878505.0,S3M_OLCI_EFRNT.20240831.L3m.DAY.ILW_CONUS.V5.all.CONUS.300m.nc,netcdf4,0
2024-09-01,0.00203178380616,0.0068865190260112,1842773.0,S3M_OLCI_EFRNT.20240901.L3m.DAY.ILW_CONUS.V5.all.CONUS.300m.nc,netcdf4,0
2024-09-02,0.0015784923452883,0.0049819871783256,1865133.0,S3M_OLCI_EFRNT.20240902.L3m.DAY.ILW_CONUS.V5.all.CONUS.300m.nc,netcdf4,0
2024-09-03,0.0009714137995615,0.0028021216858178,2124856.0,S3M_OLCI_EFRNT.20240903.L3m.DAY.ILW_CONUS.V5.all.CONUS.300m.nc,netcdf4,0
2024-09-04,0.0008625370683148,0.0016659033717587,1714975.0,S3M_OLCI_EFRNT.20240904.L3m.DAY.ILW_CONUS.V5.all.CONUS.300m.nc,netcdf4,0
2024-09-05,0.0014534391812048501,0.0043363781296647495,,,,0
2024-09-06,0.0020443412940949,0.0070068528875708,1256224.0,S3M_OLCI_EFRNT.20240906.L3m.DAY.ILW_CONUS.V5.all.CONUS.300m.nc,netcdf4,0
2024-09-07,0.0017159893177449,0.0058713387697935,1385505.0,S3M_OLCI_EFRNT.20240907.L3m.DAY.ILW_CONUS.V5.all.CONUS.300m.nc,netcdf4,0
2024-09-08,0.002359599519986626,0.0074861394241452,1994431.0,S3M_OLCI_EFRNT.20240908.L3m.DAY.ILW_CONUS.V5.all.CONUS.300m.nc,netcdf4,0
2024-09-09,0.0015236424515023,0.0051381806842982,1925520.0,S3M_OLCI_EFRNT.20240909.L3m.DAY.ILW_CONUS.V5.all.CONUS.300m.nc,netcdf4,0
2024-09-10,0.0011422105599194,0.0034259965177625,1826518.0,S3M_OLCI_EFRNT.20240910.L3m.DAY.ILW_CONUS.V5.all.CONUS.300m.nc,netcdf4,0
2024-09-11,0.0015344764105975,0.004640765953809,2012078.0,S3M_OLCI_EFRNT.20240911.L3m.DAY.ILW_CONUS.V5.all.CONUS.300m.nc,netcdf4,0
2024-09-12,0.0008160794968716,0.0014550113119184,1742290.0,S3M_OLCI_EFRNT.20240912.L3m.DAY.ILW_CONUS.V5.all.CONUS.300m.nc,netcdf4,0
2024-09-13,0.0009759326931089,0.00224976753816,1810289.0,S3M_OLCI_EFRNT.20240913.L3m.DAY.ILW_CONUS.V5.all.CONUS.300m.nc,netcdf4,0
2024-09-14,0.0009912620298564,0.0026061304379254,1918160.0,S3M_OLCI_EFRNT.20240914.L3m.DAY.ILW_CONUS.V5.all.CONUS.300m.nc,netcdf4,0
2024-09-15,0.0014484712155535,0.0045201308093965,2014880.0,S3M_OLCI_EFRNT.20240915.L3m.DAY.ILW_CONUS.V5.all.CONUS.300m.nc,netcdf4,0
2024-09-16,0.0009283108520321,0.0026655313558876,1746037.0,S3M_OLCI_EFRNT.20240916.L3m.DAY.ILW_CONUS.V5.all.CONUS.300m.nc,netcdf4,0
2024-09-17,0.0014709659153595,0.004449744708836,1804598.0,S3M_OLCI_EFRNT.20240917.L3m.DAY.ILW_CONUS.V5.all.CONUS.300m.nc,netcdf4,0
2024-09-18,0.0007999449735507,0.001146727707237,1825674.0,S3M_OLCI_EFRNT.20240918.L3m.DAY.ILW_CONUS.V5.all.CONUS.300m.nc,netcdf4,0
2024-09-19,0.0008768365951254,0.0016775999683886,1754372.0,S3M_OLCI_EFRNT.20240919.L3m.DAY.ILW_CONUS.V5.all.CONUS.300m.nc,netcdf4,0
2024-09-20,0.0009897497948259,0.0023402248043566,1767034.0,S3M_OLCI_EFRNT.20240920.L3m.DAY.ILW_CONUS.V5.all.CONUS.300m.nc,netcdf4,0
2024-09-21,0.0009924309561029,0.0022554602473974,1819487.0,S3M_OLCI_EFRNT.20240921.L3m.DAY.ILW_CONUS.V5.all.CONUS.300m.nc,netcdf4,0
2024-09-22,0.0011279720347374,0.0031772409565746,1693695.0,S3M_OLCI_EFRNT.20240922.L3m.DAY.ILW_CONUS.V5.all.CONUS.300m.nc,netcdf4,0
2024-09-23,0.0009128531673923,0.0014430698938667,1711365.0,S3M_OLCI_EFRNT.20240923.L3m.DAY.ILW_CONUS.V5.all.CONUS.300m.nc,netcdf4,0
2024-09-24,0.0013662286801263,0.0040191542357206,1490619.0,S3M_OLCI_EFRNT.20240924.L3m.DAY.ILW_CONUS.V5.all.CONUS.300m.nc,netcdf4,0
2024-09-25,0.0023509501479566,0.007744537750259015,1433379.0,S3M_OLCI_EFRNT.20240925.L3m.DAY.ILW_CONUS.V5.all.CONUS.300m.nc,netcdf4,0
2024-09-26,0.0011379163479432,0.0030773722101002,1595699.0,S3M_OLCI_EFRNT.20240926.L3m.DAY.ILW_CONUS.V5.all.CONUS.300m.nc,netcdf4,0
2024-09-27,0.0014975812518969,0.0046278648078441,1890101.0,S3M_OLCI_EFRNT.20240927.L3m.DAY.ILW_CONUS.V5.all.CONUS.300m.nc,netcdf4,0
2024-09-28,0.0013774805702269,0.0041422299109399,2019462.0,S3M_OLCI_EFRNT.20240928.L3m.DAY.ILW_CONUS.V5.all.CONUS.300m.nc,netcdf4,0
2024-09-29,0.0007813627598807,0.001720342086628,1854129.0,S3M_OLCI_EFRNT.20240929.L3m.DAY.ILW_CONUS.V5.all.CONUS.300m.nc,netcdf4,0
2024-09-30,0.0007611393230035,0.0014873201726004,1911701.0,S3M_OLCI_EFRNT.20240930.L3m.DAY.ILW_CONUS.V5.all.CONUS.300m.nc,netcdf4,0
2024-10-01,0.0007792268879711,0.0020759319886565,1626032.0,S3M_OLCI_EFRNT.20241001.L3m.DAY.ILW_CONUS.V5.all.CONUS.300m.nc,netcdf4,0
2024-10-02,0.0008760346099734,0.0018408372998237,1674512.0,S3M_OLCI_EFRNT.20241002.L3m.DAY.ILW_CONUS.V5.all.CONUS.300m.nc,netcdf4,0
2024-10-03,0.0007990726735442,0.0012604973744601,1677700.0,S3M_OLCI_EFRNT.20241003.L3m.DAY.ILW_CONUS.V5.all.CONUS.300m.nc,netcdf4,0
2024-10-04,0.0009458829881623,0.0024592815898358,1735192.0,S3M_OLCI_EFRNT.20241004.L3m.DAY.ILW_CONUS.V5.all.CONUS.300m.nc,netcdf4,0
2024-10-05,0.0006083461921662,0.0007544581894762,1536951.0,S3M_OLCI_EFRNT.20241005.L3m.DAY.ILW_CONUS.V5.all.CONUS.300m.nc,netcdf4,0
2024-10-06,0.0010332863312214,0.0022139027714729,1581453.0,S3M_OLCI_EFRNT.20241006.L3m.DAY.ILW_CONUS.V5.all.CONUS.300m.nc,netcdf4,0
2024-10-07,0.001593429245986,0.0046033323742449,1537555.0,S3M_OLCI_EFRNT.20241007.L3m.DAY.ILW_CONUS.V5.all.CONUS.300m.nc,netcdf4,0
2024-10-08,0.0012247010599821,0.002486309967935,1753331.0,S3M_OLCI_EFRNT.20241008.L3m.DAY.ILW_CONUS.V5.all.CONUS.300m.nc,netcdf4,0
2024-10-09,0.0009900095174089,0.0022473288699984,1745252.0,S3M_OLCI_EFRNT.20241009.L3m.DAY.ILW_CONUS.V5.all.CONUS.300m.nc,netcdf4,0
2024-10-10,0.0010226869489997,0.0022703977301716,1717035.0,S3M_OLCI_EFRNT.20241010.L3m.DAY.ILW_CONUS.V5.all.CONUS.300m.nc,netcdf4,0
2024-10-11,0.0008643628680147,0.00180336588528,1851604.0,S3M_OLCI_EFRNT.20241011.L3m.DAY.ILW_CONUS.V5.all.CONUS.300m.nc,netcdf4,0
2024-10-12,0.0008889567106962,0.0016296370886266,1761223.0,S3M_OLCI_EFRNT.20241012.L3m.DAY.ILW_CONUS.V5.all.CONUS.300m.nc,netcdf4,0
2024-10-13,0.0008595787221565,0.001585264224559,1564665.0,S3M_OLCI_EFRNT.20241013.L3m.DAY.ILW_CONUS.V5.all.CONUS.300m.nc,netcdf4,0
2024-10-14,0.0009680102230049,0.0023157417308539,1442114.0,S3M_OLCI_EFRNT.20241014.L3m.DAY.ILW_CONUS.V5.all.CONUS.300m.nc,netcdf4,0
2024-10-15,0.0008918710518628,0.0017232487443834,1817784.0,S3M_OLCI_EFRNT.20241015.L3m.DAY.ILW_CONUS.V5.all.CONUS.300m.nc,netcdf4,0
2024-10-16,0.0007853383722249,0.001647915050853,,,,0
2024-10-17,0.000678805692587,0.0015725813573226,1796082.0,S3M_OLCI_EFRNT.20241017.L3m.DAY.ILW_CONUS.V5.all.CONUS.300m.nc,netcdf4,0
2024-10-18,0.0007397162844426,0.0014974335208535,2046232.0,S3M_OLCI_EFRNT.20241018.L3m.DAY.ILW_CONUS.V5.all.CONUS.300m.nc,netcdf4,0
2024-10-19,0.0006945697823539,0.000480423332192,1788756.0,S3M_OLCI_EFRNT.20241019.L3m.DAY.ILW_CONUS.V5.all.CONUS.300m.nc,netcdf4,0
2024-10-20,0.0004748786159325,5.000000601285137e-05,1762716.0,S3M_OLCI_EFRNT.20241020.L3m.DAY.ILW_CONUS.V5.all.CONUS.300m.nc,netcdf4,0
2024-10-21,0.0004851603007409,5.000000601285137e-05,1847238.0,S3M_OLCI_EFRNT.20241021.L3m.DAY.ILW_CONUS.V5.all.CONUS.300m.nc,netcdf4,0
2024-10-22,0.0005904965801164,0.0001972867466975,1612292.0,S3M_OLCI_EFRNT.20241022.L3m.DAY.ILW_CONUS.V5.all.CONUS.300m.nc,netcdf4,0
2024-10-23,0.0006464685429818,0.0001063011804944,1857280.0,S3M_OLCI_EFRNT.20241023.L3m.DAY.ILW_CONUS.V5.all.CONUS.300m.nc,netcdf4,0
2024-10-24,0.0007269248599186,0.0012235776521265,2054338.0,S3M_OLCI_EFRNT.20241024.L3m.DAY.ILW_CONUS.V5.all.CONUS.300m.nc,netcdf4,0
2024-10-25,0.0008136328542605,0.001803551451303,2098297.0,S3M_OLCI_EFRNT.20241025.L3m.DAY.ILW_CONUS.V5.all.CONUS.300m.nc,netcdf4,0
2024-10-26,0.0007194240461103,0.0014609406935051,1965674.0,S3M_OLCI_EFRNT.20241026.L3m.DAY.ILW_CONUS.V5.all.CONUS.300m.nc,netcdf4,0
2024-10-27,0.0005573954549618,0.0003570335975382,1451171.0,S3M_OLCI_EFRNT.20241027.L3m.DAY.ILW_CONUS.V5.all.CONUS.300m.nc,netcdf4,0
2024-10-28,0.0004928446724079,0.000123592937598,1584757.0,S3M_OLCI_EFRNT.20241028.L3m.DAY.ILW_CONUS.V5.all.CONUS.300m.nc,netcdf4,0
2024-10-29,0.0008451058529317,0.0026328694075345,1331102.0,S3M_OLCI_EFRNT.20241029.L3m.DAY.ILW_CONUS.V5.all.CONUS.300m.nc,netcdf4,0
2024-10-30,0.0006723881233483,0.0008650098461657,1214909.0,S3M_OLCI_EFRNT.20241030.L3m.DAY.ILW_CONUS.V5.all.CONUS.300m.nc,netcdf4,0
2024-10-31,0.0006382944411598,0.0011219013249501,1576489.0,S3M_OLCI_EFRNT.20241031.L3m.DAY.ILW_CONUS.V5.all.CONUS.300m.nc,netcdf4,0
2024-11-01,0.0005831429734826,0.0005679514142684,1548488.0,S3M_OLCI_EFRNT.20241101.L3m.DAY.ILW_CONUS.V5.all.CONUS.300m.nc,netcdf4,0
2024-11-02,0.0005963410949334,0.0003428189374972,1597251.0,S3M_OLCI_EFRNT.20241102.L3m.DAY.ILW_CONUS.V5.all.CONUS.300m.nc,netcdf4,0
2024-11-03,0.0004995542112737,9.438103734282775e-05,1390832.0,S3M_OLCI_EFRNT.20241103.L3m.DAY.ILW_CONUS.V5.all.CONUS.300m.nc,netcdf4,0
2024-11-04,0.000732880376745,0.0004687518521677,1433360.0,S3M_OLCI_EFRNT.20241104.L3m.DAY.ILW_CONUS.V5.all.CONUS.300m.nc,netcdf4,0
2024-11-05,0.0006511835963465,0.0003244857362005,1165149.0,S3M_OLCI_EFRNT.20241105.L3m.DAY.ILW_CONUS.V5.all.CONUS.300m.nc,netcdf4,0
2024-11-06,0.0005733427242375,5.000000601285137e-05,1077567.0,S3M_OLCI_EFRNT.20241106.L3m.DAY.ILW_CONUS.V5.all.CONUS.300m.nc,netcdf4,0
2024-11-07,0.0006257820059545,0.0003662397793959,1349240.0,S3M_OLCI_EFRNT.20241107.L3m.DAY.ILW_CONUS.V5.all.CONUS.300m.nc,netcdf4,0
2024-11-08,0.000570042815525,5.106519893161021e-05,1876100.0,S3M_OLCI_EFRNT.20241108.L3m.DAY.ILW_CONUS.V5.all.CONUS.300m.nc,netcdf4,0
2024-11-09,0.0005974862724542,0.0007209753384813,1997084.0,S3M_OLCI_EFRNT.20241109.L3m.DAY.ILW_CONUS.V5.all.CONUS.300m.nc,netcdf4,0
2024-11-10,0.0009036227711476,0.0024919463321566,1312515.0,S3M_OLCI_EFRNT.20241110.L3m.DAY.ILW_CONUS.V5.all.CONUS.300m.nc,netcdf4,0
2024-11-11,0.0007148165022954,0.0011309690307825,1234304.0,S3M_OLCI_EFRNT.20241111.L3m.DAY.ILW_CONUS.V5.all.CONUS.300m.nc,netcdf4,0
2024-11-12,0.0004701032012235,5.000000601285137e-05,1809984.0,S3M_OLCI_EFRNT.20241112.L3m.DAY.ILW_CONUS.V5.all.CONUS.300m.nc,netcdf4,0
2024-11-13,0.000701458135154,0.0008490608888678,1782496.0,S3M_OLCI_EFRNT.20241113.L3m.DAY.ILW_CONUS.V5.all.CONUS.300m.nc,netcdf4,0
2024-11-14,0.0005907400045543,5.92879623582121e-05,1052593.0,S3M_OLCI_EFRNT.20241114.L3m.DAY.ILW_CONUS.V5.all.CONUS.300m.nc,netcdf4,0
2024-11-15,0.0003917002759408,5.000000601285137e-05,1122399.0,S3M_OLCI_EFRNT.20241115.L3m.DAY.ILW_CONUS.V5.all.CONUS.300m.nc,netcdf4,0
2024-11-16,0.0003689400327857,5.0000002374872565e-05,1285982.0,S3M_OLCI_EFRNT.20241116.L3m.DAY.ILW_CONUS.V5.all.CONUS.300m.nc,netcdf4,0
2024-11-17,0.0004310615186113,5.0000002374872565e-05,1073378.0,S3M_OLCI_EFRNT.20241117.L3m.DAY.ILW_CONUS.V5.all.CONUS.300m.nc,netcdf4,0
2024-11-18,0.0004267808399163,5.000000601285137e-05,1190260.0,S3M_OLCI_EFRNT.20241118.L3m.DAY.ILW_CONUS.V5.all.CONUS.300m.nc,netcdf4,0
2024-11-19,0.0003036245470866,5.0000002374872565e-05,1208167.0,S3M_OLCI_EFRNT.20241119.L3m.DAY.ILW_CONUS.V5.all.CONUS.300m.nc,netcdf4,0
2024-11-20,0.0003498699807096,5.0000002374872565e-05,889474.0,S3M_OLCI_EFRNT.20241120.L3m.DAY.ILW_CONUS.V5.all.CONUS.300m.nc,netcdf4,0
2024-11-21,0.0004295756516512,5.0000002374872565e-05,1186844.0,S3M_OLCI_EFRNT.20241121.L3m.DAY.ILW_CONUS.V5.all.CONUS.300m.nc,netcdf4,0
2024-11-22,0.000695985450875,0.000512097380124,1276944.0,S3M_OLCI_EFRNT.20241122.L3m.DAY.ILW_CONUS.V5.all.CONUS.300m.nc,netcdf4,0
2024-11-23,0.0004080042417626,5.0000002374872565e-05,1325237.0,S3M_OLCI_EFRNT.20241123.L3m.DAY.ILW_CONUS.V5.all.CONUS.300m.nc,netcdf4,0
2024-11-24,0.0003645229735411,5.0000002374872565e-05,1296337.0,S3M_OLCI_EFRNT.20241124.L3m.DAY.ILW_CONUS.V5.all.CONUS.300m.nc,netcdf4,0
2024-11-25,0.0007218214450404,0.000493764760904,1132244.0,S3M_OLCI_EFRNT.20241125.L3m.DAY.ILW_CONUS.V5.all.CONUS.300m.nc,netcdf4,0
2024-11-26,0.0004861005581915,5.0000002374872565e-05,1004215.0,S3M_OLCI_EFRNT.20241126.L3m.DAY.ILW_CONUS.V5.all.CONUS.300m.nc,netcdf4,0
2024-11-27,0.0003323625132907,5.0000002374872565e-05,1273215.0,S3M_OLCI_EFRNT.20241127.L3m.DAY.ILW_CONUS.V5.all.CONUS.300m.nc,netcdf4,0
2024-11-28,0.0004104123800061,5.0000002374872565e-05,928102.0,S3M_OLCI_EFRNT.20241128.L3m.DAY.ILW_CONUS.V5.all.CONUS.300m.nc,netcdf4,0
2024-11-29,0.0004907362163066,5.0000002374872565e-05,876325.0,S3M_OLCI_EFRNT.20241129.L3m.DAY.ILW_CONUS.V5.all.CONUS.300m.nc,netcdf4,0
2024-11-30,0.0003430587530601,5.0000002374872565e-05,1168176.0,S3M_OLCI_EFRNT.20241130.L3m.DAY.ILW_CONUS.V5.all.CONUS.300m.nc,netcdf4,0
2024-12-01,0.0003283912374172,5.0000002374872565e-05,1325973.0,S3M_OLCI_EFRNT.20241201.L3m.DAY.ILW_CONUS.V5.all.CONUS.300m.nc,netcdf4,0
2024-12-02,0.000278808933217,5.0000002374872565e-05,1398594.0,S3M_OLCI_EFRNT.20241202.L3m.DAY.ILW_CONUS.V5.all.CONUS.300m.nc,netcdf4,0
2024-12-03,0.00038831011625,5.000000601285137e-05,1190013.0,S3M_OLCI_EFRNT.20241203.L3m.DAY.ILW_CONUS.V5.all.CONUS.300m.nc,netcdf4,0
2024-12-04,0.0003058782895095,5.0000002374872565e-05,1161763.0,S3M_OLCI_EFRNT.20241204.L3m.DAY.ILW_CONUS.V5.all.CONUS.300m.nc,netcdf4,0
2024-12-05,0.0003157352039124,5.0000002374872565e-05,1067749.0,S3M_OLCI_EFRNT.20241205.L3m.DAY.ILW_CONUS.V5.all.CONUS.300m.nc,netcdf4,0
2024-12-06,0.0002513780491426,5.0000002374872565e-05,1250697.0,S3M_OLCI_EFRNT.20241206.L3m.DAY.ILW_CONUS.V5.all.CONUS.300m.nc,netcdf4,0
2024-12-07,0.0004162136756349,5.000000601285137e-05,1159928.0,S3M_OLCI_EFRNT.20241207.L3m.DAY.ILW_CONUS.V5.all.CONUS.300m.nc,netcdf4,0
2024-12-08,0.0003814458032138,0.0001058362686308,1285063.0,S3M_OLCI_EFRNT.20241208.L3m.DAY.ILW_CONUS.V5.all.CONUS.300m.nc,netcdf4,0
2024-12-09,0.0003201433864887,5.0000002374872565e-05,1128658.0,S3M_OLCI_EFRNT.20241209.L3m.DAY.ILW_CONUS.V5.all.CONUS.300m.nc,netcdf4,0
2024-12-10,0.0003319448442198,5.0000002374872565e-05,880443.0,S3M_OLCI_EFRNT.20241210.L3m.DAY.ILW_CONUS.V5.all.CONUS.300m.nc,netcdf4,0
2024-12-11,0.0003037951246369,5.0000002374872565e-05,765714.0,S3M_OLCI_EFRNT.20241211.L3m.DAY.ILW_CONUS.V5.all.CONUS.300m.nc,netcdf4,1
2024-12-12,0.0002111711510224,5.0000002374872565e-05,1227349.0,S3M_OLCI_EFRNT.20241212.L3m.DAY.ILW_CONUS.V5.all.CONUS.300m.nc,netcdf4,0
2024-12-13,0.0004840729234274,5.000000601285137e-05,1263015.0,S3M_OLCI_EFRNT.20241213.L3m.DAY.ILW_CONUS.V5.all.CONUS.300m.nc,netcdf4,0
2024-12-14,0.0002990183420479,5.0000002374872565e-05,1387153.0,S3M_OLCI_EFRNT.20241214.L3m.DAY.ILW_CONUS.V5.all.CONUS.300m.nc,netcdf4,0
2024-12-15,0.0005627655191347,5.054649227531627e-05,1073970.0,S3M_OLCI_EFRNT.20241215.L3m.DAY.ILW_CONUS.V5.all.CONUS.300m.nc,netcdf4,0
2024-12-16,0.0004155725182499,5.0000002374872565e-05,1138059.0,S3M_OLCI_EFRNT.20241216.L3m.DAY.ILW_CONUS.V5.all.CONUS.300m.nc,netcdf4,0
2024-12-17,0.0002977549447678,5.0000002374872565e-05,1030689.0,S3M_OLCI_EFRNT.20241217.L3m.DAY.ILW_CONUS.V5.all.CONUS.300m.nc,netcdf4,0
2024-12-18,0.0003104382194578,5.0000002374872565e-05,1161668.0,S3M_OLCI_EFRNT.20241218.L3m.DAY.ILW_CONUS.V5.all.CONUS.300m.nc,netcdf4,0
2024-12-19,0.0002581939043011,5.0000002374872565e-05,751450.0,S3M_OLCI_EFRNT.20241219.L3m.DAY.ILW_CONUS.V5.all.CONUS.300m.nc,netcdf4,1
2024-12-20,0.0002110066998284,5.0000002374872565e-05,1130099.0,S3M_OLCI_EFRNT.20241220.L3m.DAY.ILW_CONUS.V5.all.CONUS.300m.nc,netcdf4,0
2024-12-21,0.0002221930481027,5.0000002374872565e-05,1106058.0,S3M_OLCI_EFRNT.20241221.L3m.DAY.ILW_CONUS.V5.all.CONUS.300m.nc,netcdf4,0
2024-12-22,0.0002795278269331,5.0000002374872565e-05,1102009.0,S3M_OLCI_EFRNT.20241222.L3m.DAY.ILW_CONUS.V5.all.CONUS.300m.nc,netcdf4,0
2024-12-23,0.0003459650906734,5.0000002374872565e-05,938295.0,S3M_OLCI_EFRNT.20241223.L3m.DAY.ILW_CONUS.V5.all.CONUS.300m.nc,netcdf4,0
2024-12-24,0.000312739983201,5.0000002374872565e-05,586073.0,S3M_OLCI_EFRNT.20241224.L3m.DAY.ILW_CONUS.V5.all.CONUS.300m.nc,netcdf4,1
2024-12-25,0.0004985645064152,5.0000002374872565e-05,526977.0,S3M_OLCI_EFRNT.20241225.L3m.DAY.ILW_CONUS.V5.all.CONUS.300m.nc,netcdf4,1
2024-12-26,0.0004134660412091,5.0000002374872565e-05,526513.0,S3M_OLCI_EFRNT.20241226.L3m.DAY.ILW_CONUS.V5.all.CONUS.300m.nc,netcdf4,1
2024-12-27,0.000225431722356,5.0000002374872565e-05,672325.0,S3M_OLCI_EFRNT.20241227.L3m.DAY.ILW_CONUS.V5.all.CONUS.300m.nc,netcdf4,1
2024-12-28,0.0003183357766829,5.0000002374872565e-05,626450.0,S3M_OLCI_EFRNT.20241228.L3m.DAY.ILW_CONUS.V5.all.CONUS.300m.nc,netcdf4,1
2024-12-29,0.0004055915633216,5.0000002374872565e-05,578561.0,S3M_OLCI_EFRNT.20241229.L3m.DAY.ILW_CONUS.V5.all.CONUS.300m.nc,netcdf4,1
2024-12-30,0.0003939795715268,5.0000002374872565e-05,932556.0,S3M_OLCI_EFRNT.20241230.L3m.DAY.ILW_CONUS.V5.all.CONUS.300m.nc,netcdf4,0
2024-12-31,0.0002030380564974,5.0000002374872565e-05,1013973.0,S3M_OLCI_EFRNT.20241231.L3m.DAY.ILW_CONUS.V5.all.CONUS.300m.nc,netcdf4,0
